event_id,ticker,start_date,end_date,duration,peak_date,peak_score,severity
NESTLEIND_1,NESTLEIND,2010-04-23,2010-04-28,4,2010-04-23,51.18824336132703,extreme_shock
BAJAJFINSV_1,BAJAJFINSV,2010-05-05,2010-06-09,26,2010-05-05,41.41858137269692,severe_shock
NESTLEIND_2,NESTLEIND,2010-05-18,2010-05-28,9,2010-05-25,44.637581986175555,severe_shock
ONGC_1,ONGC,2010-05-20,2010-05-25,4,2010-05-20,43.48280819783869,severe_shock
GRASIM_1,GRASIM,2010-05-26,2010-05-31,4,2010-05-26,52.53609416724555,extreme_shock
TECHM_1,TECHM,2010-06-03,2010-06-08,4,2010-06-03,40.031488970716296,severe_shock
MARUTI_1,MARUTI,2010-07-26,2010-07-29,4,2010-07-26,47.84033216140568,severe_shock
HEROMOTOCO_1,HEROMOTOCO,2010-07-26,2010-08-04,8,2010-07-26,43.96706358954566,severe_shock
NESTLEIND_3,NESTLEIND,2010-08-05,2010-08-10,4,2010-08-05,40.93890783336117,severe_shock
NESTLEIND_4,NESTLEIND,2010-08-26,2010-08-31,4,2010-08-26,41.94278268840869,severe_shock
ULTRACEMCO_1,ULTRACEMCO,2010-09-07,2010-09-13,4,2010-09-07,40.73640915804263,severe_shock
TECHM_2,TECHM,2010-09-22,2010-10-05,10,2010-09-22,45.09493399940213,severe_shock
APOLLOHOSP_1,APOLLOHOSP,2010-10-07,2010-10-18,8,2010-10-07,40.75191516057794,severe_shock
NESTLEIND_5,NESTLEIND,2010-11-09,2010-11-15,5,2010-11-09,52.12006780663738,extreme_shock
ADANIENT_1,ADANIENT,2010-11-26,2010-12-03,6,2010-11-26,48.596669156612684,severe_shock
NESTLEIND_6,NESTLEIND,2010-11-26,2010-12-01,4,2010-11-26,43.62877909642143,severe_shock
HEROMOTOCO_2,HEROMOTOCO,2010-12-20,2010-12-23,4,2010-12-20,43.01231851159489,severe_shock
HEROMOTOCO_3,HEROMOTOCO,2011-01-10,2011-01-13,4,2011-01-10,16.568709528114358,anomaly
BAJFINANCE_1,BAJFINANCE,2011-02-03,2011-02-08,4,2011-02-03,45.54596176764417,severe_shock
TECHM_3,TECHM,2011-02-14,2011-03-11,19,2011-02-14,48.256380280945194,severe_shock
NESTLEIND_7,NESTLEIND,2011-02-14,2011-02-17,4,2011-02-14,42.8373775538494,severe_shock
COALINDIA_1,COALINDIA,2011-02-28,2011-03-04,4,2011-02-28,42.20196229021861,severe_shock
BAJAJFINSV_2,BAJAJFINSV,2011-03-03,2011-04-04,23,2011-03-03,42.180803362321896,severe_shock
INFY_1,INFY,2011-04-15,2011-04-20,4,2011-04-15,43.43267622256374,severe_shock
SHRIRAMFIN_1,SHRIRAMFIN,2011-05-05,2011-05-11,5,2011-05-05,41.51274387106053,severe_shock
EICHERMOT_1,EICHERMOT,2011-05-09,2011-05-12,4,2011-05-09,43.77332603921046,severe_shock
NESTLEIND_8,NESTLEIND,2011-07-01,2011-08-04,25,2011-07-01,43.15239806668969,severe_shock
ADANIENT_2,ADANIENT,2011-07-29,2011-09-02,23,2011-07-29,48.72392234301761,severe_shock
JSWSTEEL_1,JSWSTEEL,2011-08-01,2011-08-08,6,2011-08-01,49.345968756781666,severe_shock
TECHM_4,TECHM,2011-08-18,2011-10-24,45,2011-08-18,46.280138684864625,severe_shock
BAJAJFINSV_3,BAJAJFINSV,2011-08-29,2011-09-06,5,2011-08-29,41.157292111585484,severe_shock
HINDALCO_1,HINDALCO,2011-10-28,2011-11-17,13,2011-10-28,46.36507661460774,severe_shock
JSWSTEEL_2,JSWSTEEL,2011-10-28,2011-11-16,12,2011-10-28,40.608583547350804,severe_shock
ADANIENT_3,ADANIENT,2011-11-15,2011-12-12,19,2011-11-15,43.29619164438777,severe_shock
APOLLOHOSP_2,APOLLOHOSP,2011-12-15,2012-01-12,21,2011-12-15,44.01554464451613,severe_shock
SHRIRAMFIN_2,SHRIRAMFIN,2012-01-05,2012-01-17,9,2012-01-05,43.385088487937516,severe_shock
ADANIENT_4,ADANIENT,2012-01-11,2012-01-31,14,2012-01-11,43.731215516370824,severe_shock
INFY_2,INFY,2012-01-12,2012-01-17,4,2012-01-12,46.52250084823122,severe_shock
MARUTI_2,MARUTI,2012-01-17,2012-01-27,8,2012-01-17,42.99503452661573,severe_shock
CANBK_1,CANBK,2012-01-24,2012-02-09,12,2012-01-24,40.29422018140536,severe_shock
ADANIENT_5,ADANIENT,2012-02-02,2012-02-15,10,2012-02-07,28.838857293526903,elevated_stress
SUNPHARMA_1,SUNPHARMA,2012-03-16,2012-03-21,4,2012-03-16,40.92772599955458,severe_shock
NESTLEIND_9,NESTLEIND,2012-03-26,2012-05-10,31,2012-04-10,41.697047190507575,severe_shock
INFY_3,INFY,2012-04-13,2012-04-18,4,2012-04-13,50.21785734873219,extreme_shock
TCS_1,TCS,2012-04-24,2012-04-27,4,2012-04-24,42.807950152637424,severe_shock
TECHM_5,TECHM,2012-05-24,2012-06-06,10,2012-05-24,42.04102171711446,severe_shock
ADANIENT_6,ADANIENT,2012-05-25,2012-05-30,4,2012-05-25,40.74542088413112,severe_shock
TATAMOTORS_1,TATAMOTORS,2012-05-30,2012-06-11,9,2012-05-30,43.49880982649476,severe_shock
ADANIENT_7,ADANIENT,2012-06-01,2012-06-07,5,2012-06-01,41.000431344496526,severe_shock
ADANIENT_8,ADANIENT,2012-06-18,2012-07-05,14,2012-07-02,40.33350510785419,severe_shock
INFY_4,INFY,2012-07-12,2012-07-24,9,2012-07-12,51.095982159713074,extreme_shock
ADANIENT_9,ADANIENT,2012-07-17,2012-07-23,5,2012-07-17,45.50084486919764,severe_shock
RELIANCE_1,RELIANCE,2012-08-06,2012-08-09,4,2012-08-06,43.1697055100178,severe_shock
NESTLEIND_10,NESTLEIND,2012-08-21,2012-08-31,9,2012-08-21,42.92431789134186,severe_shock
ADANIENT_10,ADANIENT,2012-08-27,2012-08-30,4,2012-08-27,46.71734913665651,severe_shock
ADANIENT_11,ADANIENT,2012-09-10,2012-09-20,8,2012-09-10,50.3402160697187,extreme_shock
CANBK_2,CANBK,2012-09-14,2012-10-03,12,2012-09-18,49.85189194940022,severe_shock
HINDALCO_2,HINDALCO,2012-09-14,2012-10-10,17,2012-09-14,46.71919628668655,severe_shock
BANKBARODA_1,BANKBARODA,2012-09-14,2012-09-26,8,2012-09-14,40.04447095787022,severe_shock
PNB_1,PNB,2012-09-18,2012-09-27,7,2012-09-18,41.11533136688074,severe_shock
NESTLEIND_11,NESTLEIND,2012-10-03,2013-02-26,99,2013-01-23,46.14657821293244,severe_shock
ADANIENT_12,ADANIENT,2012-10-04,2012-10-19,12,2012-10-04,41.478099952138436,severe_shock
ADANIENT_13,ADANIENT,2012-12-20,2012-12-26,4,2012-12-20,40.90483561213213,severe_shock
INFY_5,INFY,2013-01-11,2013-01-16,4,2013-01-11,47.774323230265594,severe_shock
WIPRO_1,WIPRO,2013-01-18,2013-01-23,4,2013-01-18,42.84787981596631,severe_shock
ADANIENT_14,ADANIENT,2013-01-24,2013-01-29,4,2013-01-24,41.18837687351988,severe_shock
PNB_2,PNB,2013-01-31,2013-02-13,10,2013-01-31,49.66353480489041,severe_shock
SHRIRAMFIN_3,SHRIRAMFIN,2013-02-21,2013-02-26,4,2013-02-21,42.18248153436635,severe_shock
SBIN_1,SBIN,2013-02-28,2013-03-28,20,2013-02-28,45.39399398333106,severe_shock
COALINDIA_2,COALINDIA,2013-03-18,2013-03-21,4,2013-03-18,40.49586301022168,severe_shock
JSWSTEEL_3,JSWSTEEL,2013-03-28,2013-04-08,7,2013-03-28,55.08100957383354,extreme_shock
WIPRO_2,WIPRO,2013-04-09,2013-04-17,7,2013-04-09,46.89092766053794,severe_shock
INFY_6,INFY,2013-04-12,2013-04-17,4,2013-04-12,51.705057446785716,extreme_shock
NESTLEIND_12,NESTLEIND,2013-04-30,2013-05-29,21,2013-04-30,52.02012830145242,extreme_shock
HINDUNILVR_1,HINDUNILVR,2013-04-30,2013-05-06,4,2013-04-30,41.28724805058382,severe_shock
PNB_3,PNB,2013-05-15,2013-06-05,16,2013-05-15,41.367950639868276,severe_shock
SBIN_2,SBIN,2013-05-23,2013-05-28,4,2013-05-23,41.63030198032359,severe_shock
HINDALCO_3,HINDALCO,2013-06-11,2013-07-16,26,2013-06-11,44.68414821960869,severe_shock
TITAN_1,TITAN,2013-06-12,2013-06-19,6,2013-06-12,45.74377962277195,severe_shock
ADANIENT_15,ADANIENT,2013-06-12,2013-07-08,19,2013-06-28,43.888926849237606,severe_shock
TATASTEEL_1,TATASTEEL,2013-06-20,2013-07-08,13,2013-06-20,42.06360495979866,severe_shock
NESTLEIND_13,NESTLEIND,2013-07-01,2013-07-09,7,2013-07-01,45.07850113620897,severe_shock
BANKBARODA_2,BANKBARODA,2013-07-03,2013-07-17,11,2013-07-03,42.38008678319313,severe_shock
INFY_7,INFY,2013-07-12,2013-07-17,4,2013-07-12,46.6897307502773,severe_shock
CANBK_3,CANBK,2013-07-16,2013-07-19,4,2013-07-16,42.26025843703539,severe_shock
CANBK_4,CANBK,2013-07-24,2013-08-13,14,2013-07-24,42.11132809659324,severe_shock
HINDALCO_4,HINDALCO,2013-07-26,2013-08-05,7,2013-07-26,41.691227042355514,severe_shock
JSWSTEEL_4,JSWSTEEL,2013-07-31,2013-08-05,4,2013-07-31,41.93152064414406,severe_shock
ADANIPORTS_1,ADANIPORTS,2013-08-01,2013-08-27,17,2013-08-01,44.96826675830069,severe_shock
ADANIENT_16,ADANIENT,2013-08-02,2013-08-13,7,2013-08-02,49.95826813509401,severe_shock
POWERGRID_1,POWERGRID,2013-08-02,2013-08-07,4,2013-08-02,48.04336750797826,severe_shock
TATASTEEL_2,TATASTEEL,2013-08-07,2013-08-27,13,2013-08-12,45.825989236138476,severe_shock
JSWSTEEL_5,JSWSTEEL,2013-08-16,2013-08-27,8,2013-08-22,46.44766525522169,severe_shock
CANBK_5,CANBK,2013-08-16,2013-09-16,21,2013-08-16,43.99685952742599,severe_shock
HINDALCO_5,HINDALCO,2013-08-22,2013-08-30,7,2013-08-22,44.999340154253446,severe_shock
SBIN_3,SBIN,2013-09-05,2013-10-01,18,2013-09-05,52.400305226190646,extreme_shock
AXISBANK_1,AXISBANK,2013-09-05,2013-09-27,16,2013-09-05,47.71393544480399,severe_shock
PNB_4,PNB,2013-09-05,2013-09-26,15,2013-09-05,43.63279680057106,severe_shock
INDUSINDBK_1,INDUSINDBK,2013-09-12,2013-09-17,4,2013-09-12,19.722755831677507,anomaly
ADANIENT_17,ADANIENT,2013-09-19,2013-10-31,29,2013-10-21,50.2869502931952,extreme_shock
CANBK_6,CANBK,2013-09-19,2013-09-24,4,2013-09-19,40.07527638707814,severe_shock
INDUSINDBK_2,INDUSINDBK,2013-09-20,2013-09-26,5,2013-09-23,21.870639298431982,elevated_stress
AXISBANK_2,AXISBANK,2013-10-01,2013-10-08,5,2013-10-03,21.960331604856858,elevated_stress
CANBK_7,CANBK,2013-10-31,2013-11-12,8,2013-10-31,44.746416747968105,severe_shock
NTPC_1,NTPC,2013-12-10,2013-12-20,9,2013-12-10,53.37989645274297,extreme_shock
COALINDIA_3,COALINDIA,2014-01-17,2014-01-30,10,2014-01-17,47.686619852622755,severe_shock
TATASTEEL_3,TATASTEEL,2014-01-27,2014-01-30,4,2014-01-27,41.476668596288455,severe_shock
MARUTI_3,MARUTI,2014-01-28,2014-02-03,5,2014-01-28,41.15245533984044,severe_shock
JSWSTEEL_6,JSWSTEEL,2014-02-03,2014-03-14,29,2014-02-03,41.02674701715224,severe_shock
HINDALCO_6,HINDALCO,2014-02-03,2014-02-06,4,2014-02-03,40.92575418742063,severe_shock
CIPLA_1,CIPLA,2014-02-13,2014-02-18,4,2014-02-13,44.32752736294599,severe_shock
ADANIENT_18,ADANIENT,2014-02-19,2014-02-24,4,2014-02-19,40.785774911460265,severe_shock
NTPC_2,NTPC,2014-02-24,2014-03-11,11,2014-02-24,52.0454861839842,extreme_shock
HINDALCO_7,HINDALCO,2014-02-28,2014-04-23,35,2014-02-28,49.166528261523,severe_shock
NESTLEIND_14,NESTLEIND,2014-03-03,2014-03-06,4,2014-03-03,41.79520253039052,severe_shock
ADANIENT_19,ADANIENT,2014-03-07,2014-03-24,11,2014-03-07,45.97196743758601,severe_shock
SBIN_4,SBIN,2014-03-07,2014-03-24,11,2014-03-07,41.77406121921273,severe_shock
INFY_8,INFY,2014-03-13,2014-03-19,4,2014-03-13,44.37295146860967,severe_shock
CANBK_8,CANBK,2014-03-28,2014-04-23,16,2014-03-28,42.98893620917437,severe_shock
ADANIENT_20,ADANIENT,2014-04-10,2014-05-16,24,2014-04-10,53.41217987194782,extreme_shock
CANBK_9,CANBK,2014-05-05,2014-08-25,79,2014-05-14,46.84676390972449,severe_shock
NTPC_3,NTPC,2014-05-19,2014-05-28,8,2014-05-19,45.437955443298335,severe_shock
COALINDIA_4,COALINDIA,2014-05-19,2014-05-23,5,2014-05-19,42.86364034212922,severe_shock
HINDUNILVR_2,HINDUNILVR,2014-05-30,2014-06-10,8,2014-05-30,45.15945133744808,severe_shock
GRASIM_2,GRASIM,2014-06-09,2014-06-12,4,2014-06-09,40.368478985964416,severe_shock
ADANIPORTS_2,ADANIPORTS,2014-07-16,2014-07-21,4,2014-07-16,14.665684846623952,anomaly
NESTLEIND_15,NESTLEIND,2014-08-13,2014-08-22,7,2014-08-13,40.31131650995067,severe_shock
TCS_2,TCS,2014-10-17,2014-10-22,4,2014-10-17,44.32228292401778,severe_shock
HCLTECH_1,HCLTECH,2014-10-17,2014-10-22,4,2014-10-17,43.066365165722246,severe_shock
CANBK_10,CANBK,2014-11-28,2014-12-10,9,2014-11-28,40.663768371372534,severe_shock
ADANIENT_21,ADANIENT,2015-01-23,2015-02-10,12,2015-01-23,41.61814338704046,severe_shock
BANKBARODA_3,BANKBARODA,2015-01-30,2015-02-04,4,2015-01-30,41.88736784828559,severe_shock
ITC_1,ITC,2015-03-02,2015-03-05,4,2015-03-02,45.207164889252006,severe_shock
AXISBANK_3,AXISBANK,2015-03-02,2015-03-05,4,2015-03-02,41.19046066713924,severe_shock
INDUSINDBK_3,INDUSINDBK,2015-03-02,2015-03-05,4,2015-03-02,40.76162424020542,severe_shock
SHRIRAMFIN_4,SHRIRAMFIN,2015-05-04,2015-05-08,5,2015-05-04,50.01170249057106,extreme_shock
BAJAJ-AUTO_1,BAJAJ-AUTO,2015-05-04,2015-05-14,9,2015-05-04,46.074409644750446,severe_shock
ONGC_2,ONGC,2015-05-04,2015-05-15,10,2015-05-04,42.45236476021391,severe_shock
BANKBARODA_4,BANKBARODA,2015-05-11,2015-05-20,8,2015-05-11,48.797626889661686,severe_shock
TECHM_6,TECHM,2015-05-27,2015-06-01,4,2015-05-27,48.52672756330586,severe_shock
BANKBARODA_5,BANKBARODA,2015-06-02,2015-06-05,4,2015-06-02,17.150161709124017,anomaly
ADANIENT_22,ADANIENT,2015-06-03,2015-06-11,7,2015-06-03,58.14955613154565,extreme_shock
NESTLEIND_16,NESTLEIND,2015-06-03,2015-06-29,19,2015-06-03,50.77848282050517,extreme_shock
SUNPHARMA_2,SUNPHARMA,2015-07-21,2015-07-27,5,2015-07-21,50.45459916482188,extreme_shock
INFY_9,INFY,2015-07-21,2015-07-24,4,2015-07-21,42.11443137749409,severe_shock
PNB_5,PNB,2015-07-30,2015-08-07,7,2015-07-30,46.228982078486915,severe_shock
CANBK_11,CANBK,2015-08-03,2015-08-07,5,2015-08-04,40.87187859799458,severe_shock
HINDALCO_8,HINDALCO,2015-08-12,2015-08-19,6,2015-08-12,45.84341121169086,severe_shock
TATASTEEL_4,TATASTEEL,2015-08-13,2015-09-21,27,2015-08-24,59.183212387287355,extreme_shock
PNB_6,PNB,2015-08-14,2015-09-09,19,2015-08-24,43.957522682633545,severe_shock
CANBK_12,CANBK,2015-08-17,2015-08-27,9,2015-08-17,53.9564562442296,extreme_shock
BANKBARODA_6,BANKBARODA,2015-08-17,2015-08-20,4,2015-08-17,42.35479359782396,severe_shock
ONGC_3,ONGC,2015-08-24,2015-09-02,8,2015-08-24,56.197926719206684,extreme_shock
NTPC_4,NTPC,2015-08-24,2015-09-07,11,2015-08-24,50.356920939430694,extreme_shock
HINDALCO_9,HINDALCO,2015-08-24,2015-08-28,5,2015-08-24,47.7054614316351,severe_shock
MARUTI_4,MARUTI,2015-08-24,2015-08-27,4,2015-08-24,43.34589714280143,severe_shock
ICICIBANK_1,ICICIBANK,2015-08-24,2015-08-28,5,2015-08-24,43.2240493216138,severe_shock
RELIANCE_2,RELIANCE,2015-08-24,2015-08-27,4,2015-08-24,42.78800488754372,severe_shock
AXISBANK_4,AXISBANK,2015-08-24,2015-08-28,5,2015-08-24,41.6474369078082,severe_shock
DIVISLAB_1,DIVISLAB,2015-08-24,2015-08-27,4,2015-08-24,40.091926760678405,severe_shock
BANKBARODA_7,BANKBARODA,2015-08-26,2015-09-11,13,2015-09-01,24.435984034366875,elevated_stress
ADANIENT_23,ADANIENT,2015-08-27,2015-09-01,4,2015-08-27,43.22649003591311,severe_shock
HINDALCO_10,HINDALCO,2015-09-09,2015-09-28,12,2015-09-09,46.98774924691585,severe_shock
NTPC_5,NTPC,2015-09-09,2015-09-18,7,2015-09-09,41.79853609824543,severe_shock
ADANIENT_24,ADANIENT,2015-09-14,2015-09-23,7,2015-09-14,44.300372075015645,severe_shock
HCLTECH_2,HCLTECH,2015-10-01,2015-10-07,4,2015-10-01,45.91339775763421,severe_shock
HINDALCO_11,HINDALCO,2015-10-07,2015-10-15,7,2015-10-07,44.94081007180573,severe_shock
ADANIENT_25,ADANIENT,2015-10-15,2015-11-06,16,2015-10-15,42.927224761791415,severe_shock
DRREDDY_1,DRREDDY,2015-11-06,2015-11-17,6,2015-11-06,46.01428272328973,severe_shock
TATASTEEL_5,TATASTEEL,2016-01-05,2016-01-12,6,2016-01-07,43.211951700806175,severe_shock
CANBK_13,CANBK,2016-01-07,2016-02-26,36,2016-01-22,53.51973827509033,extreme_shock
PNB_7,PNB,2016-01-15,2016-02-01,11,2016-01-15,42.65416642704057,severe_shock
SBIN_5,SBIN,2016-01-15,2016-02-02,12,2016-01-15,40.410729050870906,severe_shock
BAJFINANCE_2,BAJFINANCE,2016-01-18,2016-01-21,4,2016-01-18,41.45806556435006,severe_shock
HINDALCO_12,HINDALCO,2016-01-20,2016-01-28,6,2016-01-22,41.567877605274774,severe_shock
SHRIRAMFIN_5,SHRIRAMFIN,2016-01-29,2016-02-26,21,2016-01-29,50.04242740851531,extreme_shock
TATASTEEL_6,TATASTEEL,2016-02-02,2016-02-18,13,2016-02-15,53.66192309956941,extreme_shock
PNB_8,PNB,2016-02-09,2016-02-26,14,2016-02-10,48.20268265312902,severe_shock
ADANIPORTS_3,ADANIPORTS,2016-02-11,2016-02-22,8,2016-02-11,40.36364968882794,severe_shock
TATAMOTORS_2,TATAMOTORS,2016-02-12,2016-02-22,7,2016-02-12,40.437211335278114,severe_shock
BANKBARODA_8,BANKBARODA,2016-02-15,2016-03-17,23,2016-02-15,53.22100954490799,extreme_shock
LT_1,LT,2016-02-15,2016-02-23,7,2016-02-15,50.35194004971635,extreme_shock
HINDALCO_13,HINDALCO,2016-02-15,2016-03-11,19,2016-02-15,50.23374308998293,extreme_shock
SBIN_6,SBIN,2016-02-15,2016-02-29,11,2016-02-15,47.23309635171273,severe_shock
ONGC_4,ONGC,2016-02-29,2016-03-03,4,2016-02-29,48.772286404248526,severe_shock
CANBK_14,CANBK,2016-03-01,2016-03-11,8,2016-03-02,47.98787718020463,severe_shock
ITC_2,ITC,2016-03-01,2016-03-04,4,2016-03-01,45.927998433766184,severe_shock
ICICIBANK_2,ICICIBANK,2016-03-01,2016-03-08,5,2016-03-01,42.18431515875499,severe_shock
MARUTI_5,MARUTI,2016-03-01,2016-03-14,9,2016-03-01,40.299583064477126,severe_shock
SBIN_7,SBIN,2016-03-02,2016-03-11,7,2016-03-02,47.47116627260712,severe_shock
PNB_9,PNB,2016-03-02,2016-03-10,6,2016-03-02,43.70777952146232,severe_shock
HINDALCO_14,HINDALCO,2016-03-28,2016-04-18,14,2016-03-28,41.56317172700158,severe_shock
NESTLEIND_17,NESTLEIND,2016-03-31,2016-06-09,48,2016-05-13,42.32528745500193,severe_shock
WIPRO_3,WIPRO,2016-04-21,2016-04-26,4,2016-04-21,41.43695889540997,severe_shock
SHRIRAMFIN_6,SHRIRAMFIN,2016-05-02,2016-05-05,4,2016-05-02,45.3317809597403,severe_shock
ADANIENT_26,ADANIENT,2016-05-04,2016-05-09,4,2016-05-04,42.899045241818655,severe_shock
ADANIPORTS_4,ADANIPORTS,2016-05-04,2016-05-10,5,2016-05-04,42.51928177747324,severe_shock
TECHM_7,TECHM,2016-05-25,2016-05-30,4,2016-05-25,44.1489283425065,severe_shock
CANBK_15,CANBK,2016-05-25,2016-06-08,11,2016-05-25,42.22528229591324,severe_shock
LT_2,LT,2016-05-26,2016-05-31,4,2016-05-26,47.4986500451701,severe_shock
SUNPHARMA_3,SUNPHARMA,2016-05-27,2016-06-03,6,2016-05-27,41.449652326112115,severe_shock
HINDALCO_15,HINDALCO,2016-05-30,2016-06-02,4,2016-05-30,45.265565730935755,severe_shock
PNB_10,PNB,2016-06-14,2016-06-17,4,2016-06-14,48.04013852501319,severe_shock
ADANIENT_27,ADANIENT,2016-06-14,2016-06-17,4,2016-06-14,41.43920682220878,severe_shock
PNB_11,PNB,2016-07-04,2016-07-19,11,2016-07-11,40.282382596259566,severe_shock
INFY_10,INFY,2016-07-15,2016-07-20,4,2016-07-15,45.31114658408466,severe_shock
DRREDDY_2,DRREDDY,2016-07-27,2016-08-01,4,2016-07-27,49.39366892882046,severe_shock
BANKBARODA_9,BANKBARODA,2016-08-11,2016-08-17,4,2016-08-11,42.6047729856005,severe_shock
CIPLA_2,CIPLA,2016-08-16,2016-08-19,4,2016-08-16,43.75689729838562,severe_shock
HINDALCO_16,HINDALCO,2016-09-12,2016-10-04,16,2016-09-12,44.908537869371244,severe_shock
ADANIENT_28,ADANIENT,2016-09-29,2016-10-06,6,2016-09-29,52.84960956678956,extreme_shock
SUNPHARMA_4,SUNPHARMA,2016-11-04,2016-11-30,18,2016-11-04,50.022242781520035,extreme_shock
DRREDDY_3,DRREDDY,2016-11-04,2016-11-24,14,2016-11-04,45.52017592842844,severe_shock
PNB_12,PNB,2016-11-10,2016-11-24,10,2016-11-10,44.2318808938457,severe_shock
TATASTEEL_7,TATASTEEL,2016-11-10,2016-11-22,8,2016-11-10,43.57157498988574,severe_shock
ADANIENT_29,ADANIENT,2016-11-10,2016-12-01,15,2016-11-10,40.82297263620689,severe_shock
INDUSINDBK_4,INDUSINDBK,2016-11-15,2016-11-24,8,2016-11-15,43.12717169217509,severe_shock
GRASIM_3,GRASIM,2016-11-15,2016-11-24,8,2016-11-15,43.04617469363339,severe_shock
DIVISLAB_2,DIVISLAB,2016-12-23,2017-02-14,37,2016-12-23,52.3566687595986,extreme_shock
ADANIENT_30,ADANIENT,2017-01-27,2017-02-10,11,2017-01-27,58.72801201218781,extreme_shock
TATAMOTORS_3,TATAMOTORS,2017-02-15,2017-02-20,4,2017-02-15,42.3281142812407,severe_shock
RELIANCE_3,RELIANCE,2017-02-22,2017-02-28,4,2017-02-22,40.764615192460866,severe_shock
DRREDDY_4,DRREDDY,2017-03-09,2017-03-15,4,2017-03-09,42.79976005408642,severe_shock
COALINDIA_5,COALINDIA,2017-03-14,2017-03-17,4,2017-03-14,43.20762883045551,severe_shock
DIVISLAB_3,DIVISLAB,2017-03-21,2017-03-30,8,2017-03-21,50.20243834940087,extreme_shock
DIVISLAB_4,DIVISLAB,2017-04-11,2017-04-21,8,2017-04-17,20.17811429263473,elevated_stress
ADANIENT_31,ADANIENT,2017-04-18,2017-04-21,4,2017-04-18,46.51616425093986,severe_shock
ADANIENT_32,ADANIENT,2017-04-26,2017-06-02,27,2017-04-26,53.02755333911517,extreme_shock
CANBK_16,CANBK,2017-04-28,2017-05-24,18,2017-04-28,52.95799184403346,extreme_shock
ONGC_5,ONGC,2017-04-28,2017-05-16,12,2017-04-28,45.348595705456404,severe_shock
ICICIBANK_3,ICICIBANK,2017-05-04,2017-05-09,4,2017-05-04,44.51075001695974,severe_shock
BHARTIARTL_1,BHARTIARTL,2017-05-10,2017-05-15,4,2017-05-10,40.699486232927,severe_shock
TATASTEEL_8,TATASTEEL,2017-05-17,2017-05-22,4,2017-05-17,42.60300423652817,severe_shock
CIPLA_3,CIPLA,2017-05-23,2017-06-21,22,2017-05-23,48.78650901328904,severe_shock
SUNPHARMA_5,SUNPHARMA,2017-05-29,2017-06-01,4,2017-05-29,57.958976295652164,extreme_shock
TECHM_8,TECHM,2017-05-29,2017-06-15,14,2017-05-29,55.29754449829696,extreme_shock
TITAN_2,TITAN,2017-06-05,2017-06-08,4,2017-06-05,41.2817354216237,severe_shock
DIVISLAB_5,DIVISLAB,2017-07-10,2017-07-13,4,2017-07-10,47.22720497369188,severe_shock
ITC_3,ITC,2017-07-18,2017-07-21,4,2017-07-18,46.13931192940897,severe_shock
DRREDDY_5,DRREDDY,2017-07-28,2017-08-02,4,2017-07-28,42.62428074499611,severe_shock
ADANIENT_33,ADANIENT,2017-08-09,2017-09-07,20,2017-08-09,43.13567818920023,severe_shock
TATAMOTORS_4,TATAMOTORS,2017-08-10,2017-08-21,7,2017-08-10,47.58567461456508,severe_shock
INFY_11,INFY,2017-08-18,2017-08-31,9,2017-08-18,48.958031372218066,severe_shock
NESTLEIND_18,NESTLEIND,2017-08-28,2017-09-18,16,2017-08-28,50.45013880598033,extreme_shock
DRREDDY_6,DRREDDY,2017-09-01,2017-09-15,11,2017-09-01,49.2944160648385,severe_shock
DIVISLAB_6,DIVISLAB,2017-09-12,2017-10-03,15,2017-09-12,46.99893788957111,severe_shock
ONGC_6,ONGC,2017-09-15,2017-09-29,11,2017-09-15,41.09014437033145,severe_shock
AXISBANK_5,AXISBANK,2017-10-18,2017-11-03,12,2017-10-18,49.198487076474976,severe_shock
CANBK_17,CANBK,2017-10-25,2017-10-30,4,2017-10-25,56.426845271953454,extreme_shock
PNB_13,PNB,2017-10-25,2017-11-24,23,2017-10-25,51.28632071735642,extreme_shock
BANKBARODA_10,BANKBARODA,2017-10-25,2017-11-24,23,2017-10-25,47.13399054011085,severe_shock
ICICIBANK_4,ICICIBANK,2017-10-25,2017-10-30,4,2017-10-25,44.82064493220677,severe_shock
SBIN_8,SBIN,2017-10-25,2017-11-24,23,2017-10-25,43.528342419250485,severe_shock
CANBK_18,CANBK,2017-11-01,2017-11-15,11,2017-11-07,24.535695541938786,elevated_stress
TITAN_3,TITAN,2017-11-06,2017-11-14,7,2017-11-06,41.34005605313957,severe_shock
CANBK_19,CANBK,2017-11-17,2017-11-24,6,2017-11-17,19.446307426819555,anomaly
SUNPHARMA_6,SUNPHARMA,2017-12-27,2018-01-02,5,2017-12-27,42.45431486253418,severe_shock
COALINDIA_6,COALINDIA,2018-01-09,2018-01-12,4,2018-01-09,40.70691590732129,severe_shock
DRREDDY_7,DRREDDY,2018-01-29,2018-02-14,12,2018-01-29,42.97034158466821,severe_shock
CIPLA_4,CIPLA,2018-02-08,2018-02-14,4,2018-02-08,43.5120673534725,severe_shock
SUNPHARMA_7,SUNPHARMA,2018-02-08,2018-03-07,18,2018-02-21,41.996789342022836,severe_shock
PNB_14,PNB,2018-02-14,2018-03-05,13,2018-02-15,46.35558125865998,severe_shock
NESTLEIND_19,NESTLEIND,2018-02-15,2018-02-20,4,2018-02-15,40.060190274772985,severe_shock
CANBK_20,CANBK,2018-03-07,2018-04-02,17,2018-03-26,49.336473089213484,severe_shock
NTPC_6,NTPC,2018-03-12,2018-03-26,11,2018-03-12,42.674190333468395,severe_shock
CANBK_21,CANBK,2018-04-05,2018-04-10,4,2018-04-05,40.772534950479574,severe_shock
AXISBANK_6,AXISBANK,2018-04-27,2018-05-04,5,2018-04-27,40.078612806478795,severe_shock
PNB_15,PNB,2018-05-16,2018-06-01,13,2018-05-16,52.23036822444429,extreme_shock
DRREDDY_8,DRREDDY,2018-05-21,2018-08-02,54,2018-07-16,49.44194498767314,severe_shock
ONGC_7,ONGC,2018-05-23,2018-06-12,15,2018-05-23,45.1886197633791,severe_shock
TATAMOTORS_5,TATAMOTORS,2018-05-24,2018-06-13,15,2018-05-24,40.2725658170379,severe_shock
SUNPHARMA_8,SUNPHARMA,2018-05-28,2018-06-01,5,2018-05-28,46.43276007577782,severe_shock
SUNPHARMA_9,SUNPHARMA,2018-06-08,2018-07-12,25,2018-06-08,45.64905199220234,severe_shock
SHRIRAMFIN_7,SHRIRAMFIN,2018-07-04,2018-07-13,8,2018-07-04,47.073646214350276,severe_shock
CANBK_22,CANBK,2018-07-17,2018-08-08,17,2018-07-26,45.09137002439502,severe_shock
PNB_16,PNB,2018-07-17,2018-07-26,8,2018-07-17,40.705230930017855,severe_shock
BAJAJ-AUTO_2,BAJAJ-AUTO,2018-07-20,2018-07-26,5,2018-07-20,42.46864682155789,severe_shock
HEROMOTOCO_4,HEROMOTOCO,2018-07-23,2018-08-03,10,2018-07-23,42.325687999113235,severe_shock
ADANIENT_34,ADANIENT,2018-07-23,2018-07-30,6,2018-07-24,19.221222684584806,anomaly
GRASIM_4,GRASIM,2018-07-24,2018-07-31,6,2018-07-24,47.53457161048941,severe_shock
PNB_17,PNB,2018-08-07,2018-08-17,8,2018-08-07,41.57375858624634,severe_shock
APOLLOHOSP_3,APOLLOHOSP,2018-08-13,2018-08-20,5,2018-08-13,48.26886844711223,severe_shock
ADANIENT_35,ADANIENT,2018-09-07,2018-10-11,22,2018-09-28,24.628918358596295,elevated_stress
BANKBARODA_11,BANKBARODA,2018-09-18,2018-09-24,4,2018-09-18,52.48855421014525,extreme_shock
CANBK_23,CANBK,2018-09-18,2018-09-24,4,2018-09-18,43.96652249845269,severe_shock
PNB_18,PNB,2018-09-21,2018-10-08,11,2018-09-21,44.9907268160833,severe_shock
SBILIFE_1,SBILIFE,2018-09-28,2018-10-16,12,2018-09-28,40.10109880103079,severe_shock
ONGC_8,ONGC,2018-10-04,2018-10-10,5,2018-10-05,56.904304936866225,extreme_shock
TATAMOTORS_6,TATAMOTORS,2018-10-09,2018-10-15,5,2018-10-09,60.13112943454586,extreme_shock
SHRIRAMFIN_8,SHRIRAMFIN,2018-10-10,2018-10-15,4,2018-10-10,42.468819016493136,severe_shock
CANBK_24,CANBK,2018-10-10,2018-10-25,11,2018-10-10,42.34464564156259,severe_shock
INDUSINDBK_5,INDUSINDBK,2018-10-22,2018-11-01,9,2018-10-22,43.061656995939664,severe_shock
BHARTIARTL_2,BHARTIARTL,2018-10-24,2018-10-30,5,2018-10-24,47.94564221881086,severe_shock
CANBK_25,CANBK,2018-10-29,2018-11-06,7,2018-10-29,52.582979364133145,extreme_shock
PNB_19,PNB,2018-10-29,2018-11-07,8,2018-10-29,41.77555233415903,severe_shock
DIVISLAB_7,DIVISLAB,2018-10-29,2018-11-01,4,2018-10-29,41.1746805299756,severe_shock
TATAMOTORS_7,TATAMOTORS,2018-11-02,2018-11-07,4,2018-11-02,40.33903932235966,severe_shock
SUNPHARMA_10,SUNPHARMA,2018-11-14,2018-11-19,4,2018-11-14,41.959392804763155,severe_shock
BHARTIARTL_3,BHARTIARTL,2018-11-16,2018-11-21,4,2018-11-16,40.900075231080955,severe_shock
SUNPHARMA_11,SUNPHARMA,2018-12-03,2018-12-14,10,2018-12-03,42.52622257924056,severe_shock
SUNPHARMA_12,SUNPHARMA,2019-01-18,2019-01-25,6,2019-01-18,42.79442909274185,severe_shock
MARUTI_6,MARUTI,2019-01-25,2019-01-30,4,2019-01-25,40.68308237859982,severe_shock
ADANIPORTS_5,ADANIPORTS,2019-01-28,2019-02-01,5,2019-01-28,49.123140851347436,severe_shock
CANBK_26,CANBK,2019-01-28,2019-02-06,8,2019-01-28,42.58851927778481,severe_shock
PNB_20,PNB,2019-02-01,2019-03-12,26,2019-03-05,46.936005128735246,severe_shock
ADANIENT_36,ADANIENT,2019-02-04,2019-02-07,4,2019-02-04,47.762726511552096,severe_shock
TATAMOTORS_8,TATAMOTORS,2019-02-08,2019-02-19,7,2019-02-08,63.71377498902633,extreme_shock
APOLLOHOSP_4,APOLLOHOSP,2019-02-11,2019-02-15,4,2019-02-11,45.949960029917655,severe_shock
CANBK_27,CANBK,2019-02-27,2019-03-08,7,2019-02-27,45.29802328557074,severe_shock
BANKBARODA_12,BANKBARODA,2019-03-01,2019-04-03,21,2019-03-01,45.021186920425414,severe_shock
TATAMOTORS_9,TATAMOTORS,2019-03-05,2019-03-13,7,2019-03-05,40.18974452447349,severe_shock
BHARTIARTL_4,BHARTIARTL,2019-03-11,2019-03-22,9,2019-03-11,43.21979331142553,severe_shock
TATAMOTORS_10,TATAMOTORS,2019-04-01,2019-04-05,5,2019-04-01,44.3101725803145,severe_shock
SUNPHARMA_13,SUNPHARMA,2019-05-13,2019-05-17,5,2019-05-13,57.45185405650548,extreme_shock
CANBK_28,CANBK,2019-05-13,2019-05-16,4,2019-05-13,48.434272516674646,severe_shock
PNB_21,PNB,2019-05-13,2019-06-03,16,2019-05-13,45.824327978664016,severe_shock
EICHERMOT_2,EICHERMOT,2019-05-13,2019-06-04,17,2019-05-13,40.14243604531915,severe_shock
TATAMOTORS_11,TATAMOTORS,2019-05-15,2019-05-29,11,2019-05-15,43.20451150853296,severe_shock
ADANIENT_37,ADANIENT,2019-05-20,2019-06-20,23,2019-05-20,46.055563855151775,severe_shock
CANBK_29,CANBK,2019-05-20,2019-06-03,11,2019-05-20,44.71514029186371,severe_shock
DRREDDY_9,DRREDDY,2019-05-20,2019-05-24,5,2019-05-20,43.750328432476884,severe_shock
M&M_1,M&M,2019-05-20,2019-06-11,16,2019-05-20,43.61889480500264,severe_shock
BANKBARODA_13,BANKBARODA,2019-05-20,2019-06-03,11,2019-05-20,41.189200507834876,severe_shock
GRASIM_5,GRASIM,2019-05-20,2019-06-06,13,2019-05-20,40.82779326468654,severe_shock
DIVISLAB_8,DIVISLAB,2019-05-27,2019-05-30,4,2019-05-27,41.842960183655975,severe_shock
PNB_22,PNB,2019-07-08,2019-08-05,21,2019-07-08,53.900771827716255,extreme_shock
BAJAJFINSV_4,BAJAJFINSV,2019-07-08,2019-07-11,4,2019-07-08,44.04383745087912,severe_shock
CANBK_30,CANBK,2019-07-08,2019-07-11,4,2019-07-08,42.04697383891002,severe_shock
TITAN_4,TITAN,2019-07-09,2019-07-12,4,2019-07-09,46.205723643581,severe_shock
SUNPHARMA_14,SUNPHARMA,2019-07-09,2019-07-18,8,2019-07-09,41.016379373073484,severe_shock
INFY_12,INFY,2019-07-15,2019-07-18,4,2019-07-15,40.55539400897007,severe_shock
GRASIM_6,GRASIM,2019-07-29,2019-08-16,13,2019-07-29,44.123372341745906,severe_shock
TATAMOTORS_12,TATAMOTORS,2019-08-08,2019-08-14,4,2019-08-08,41.39185198714419,severe_shock
RELIANCE_4,RELIANCE,2019-08-13,2019-08-19,4,2019-08-13,42.60967409961001,severe_shock
TATAMOTORS_13,TATAMOTORS,2019-08-21,2019-11-01,48,2019-10-27,51.96642429971163,extreme_shock
ONGC_9,ONGC,2019-08-23,2019-09-11,12,2019-08-23,40.27734769488912,severe_shock
CANBK_31,CANBK,2019-09-03,2019-10-15,28,2019-09-03,53.99473027755408,extreme_shock
PNB_23,PNB,2019-09-03,2019-10-15,28,2019-09-03,46.81465079926447,severe_shock
COALINDIA_7,COALINDIA,2019-09-05,2019-09-11,4,2019-09-05,45.47678086936232,severe_shock
EICHERMOT_3,EICHERMOT,2019-09-20,2019-09-30,7,2019-09-20,51.131940244508556,extreme_shock
HEROMOTOCO_5,HEROMOTOCO,2019-09-20,2019-09-25,4,2019-09-20,45.81024954827512,severe_shock
ONGC_10,ONGC,2019-09-20,2019-11-25,43,2019-09-20,44.745397946100255,severe_shock
M&M_2,M&M,2019-09-20,2019-10-18,19,2019-09-20,44.56256521147349,severe_shock
MARUTI_7,MARUTI,2019-09-20,2019-09-30,7,2019-09-20,43.60273942792469,severe_shock
ULTRACEMCO_2,ULTRACEMCO,2019-09-20,2019-09-25,4,2019-09-20,43.499653497811344,severe_shock
HDFCBANK_1,HDFCBANK,2019-09-20,2019-09-26,5,2019-09-20,41.87858431886236,severe_shock
INDUSINDBK_6,INDUSINDBK,2019-09-20,2019-10-01,8,2019-09-20,41.113627218631855,severe_shock
LT_3,LT,2019-09-20,2019-09-26,5,2019-09-20,40.97264570971084,severe_shock
HINDUNILVR_3,HINDUNILVR,2019-09-20,2019-09-25,4,2019-09-20,40.674576996183234,severe_shock
SBIN_9,SBIN,2019-09-20,2019-10-14,15,2019-09-20,40.65698588889381,severe_shock
SHRIRAMFIN_9,SHRIRAMFIN,2019-09-20,2019-09-30,7,2019-09-20,40.275060639862645,severe_shock
ITC_4,ITC,2019-09-23,2019-10-04,9,2019-09-23,45.93129201729379,severe_shock
INFY_13,INFY,2019-10-22,2019-10-25,4,2019-10-22,48.27279896481927,severe_shock
SUNPHARMA_15,SUNPHARMA,2019-11-20,2019-11-25,4,2019-11-20,42.781461697891544,severe_shock
PNB_24,PNB,2019-12-13,2019-12-23,7,2019-12-13,43.169791890088504,severe_shock
CANBK_32,CANBK,2020-01-06,2020-01-14,7,2020-01-06,45.72063135936079,severe_shock
PNB_25,PNB,2020-01-06,2020-01-14,7,2020-01-06,43.56491182160212,severe_shock
NTPC_7,NTPC,2020-01-22,2020-04-01,49,2020-03-12,49.750863347020115,severe_shock
ONGC_11,ONGC,2020-01-22,2020-01-27,4,2020-01-22,47.482340048696926,severe_shock
TATAMOTORS_14,TATAMOTORS,2020-01-29,2020-02-12,11,2020-02-05,50.06915754157644,extreme_shock
ONGC_12,ONGC,2020-01-31,2020-02-13,10,2020-01-31,48.55711798204101,severe_shock
PNB_26,PNB,2020-02-03,2021-03-10,276,2020-12-08,63.12606275564401,extreme_shock
ITC_5,ITC,2020-02-03,2020-02-07,5,2020-02-03,52.66324310516113,extreme_shock
CANBK_33,CANBK,2020-02-03,2020-02-11,7,2020-02-03,48.04266672781635,severe_shock
HEROMOTOCO_6,HEROMOTOCO,2020-02-03,2020-04-16,48,2020-03-23,47.88329298411649,severe_shock
BANKBARODA_14,BANKBARODA,2020-02-03,2020-02-20,14,2020-02-03,44.3251004741156,severe_shock
SBILIFE_2,SBILIFE,2020-02-03,2020-02-06,4,2020-02-03,41.111922100807035,severe_shock
HINDUNILVR_4,HINDUNILVR,2020-02-03,2020-02-06,4,2020-02-03,40.51399383987452,severe_shock
TITAN_5,TITAN,2020-02-04,2020-02-07,4,2020-02-04,42.75645026492824,severe_shock
M&M_3,M&M,2020-02-10,2020-02-19,8,2020-02-10,47.41777160500986,severe_shock
JSWSTEEL_7,JSWSTEEL,2020-02-24,2020-03-26,23,2020-03-23,53.72421694428697,extreme_shock
SUNPHARMA_16,SUNPHARMA,2020-02-26,2020-03-09,9,2020-03-03,51.72852792988938,extreme_shock
CANBK_34,CANBK,2020-02-28,2020-07-17,94,2020-03-23,64.96538142463038,extreme_shock
TATAMOTORS_15,TATAMOTORS,2020-02-28,2020-06-24,77,2020-04-30,57.087206886063214,extreme_shock
TATASTEEL_9,TATASTEEL,2020-02-28,2020-04-13,28,2020-03-13,51.01898246635035,extreme_shock
M&M_4,M&M,2020-02-28,2020-03-05,5,2020-02-28,46.65038447058796,severe_shock
CIPLA_5,CIPLA,2020-02-28,2020-04-17,31,2020-03-03,44.5945102568267,severe_shock
TECHM_9,TECHM,2020-02-28,2020-03-04,4,2020-02-28,44.051197815341645,severe_shock
HCLTECH_3,HCLTECH,2020-02-28,2020-03-04,4,2020-02-28,41.97789179487537,severe_shock
HINDALCO_17,HINDALCO,2020-02-28,2020-03-09,7,2020-02-28,40.32589189360112,severe_shock
BANKBARODA_15,BANKBARODA,2020-03-02,2020-04-16,29,2020-03-12,61.64348812072924,extreme_shock
ONGC_13,ONGC,2020-03-03,2020-04-16,28,2020-03-09,63.9881456347713,extreme_shock
INDUSINDBK_7,INDUSINDBK,2020-03-09,2020-05-12,41,2020-03-26,67.64435117504587,extreme_shock
COALINDIA_8,COALINDIA,2020-03-09,2020-03-25,12,2020-03-19,57.36661916858431,extreme_shock
RELIANCE_5,RELIANCE,2020-03-09,2020-04-29,33,2020-03-09,50.17879642376927,extreme_shock
AXISBANK_7,AXISBANK,2020-03-12,2020-06-11,60,2020-03-23,60.84613421466032,extreme_shock
GRASIM_7,GRASIM,2020-03-12,2020-04-13,20,2020-03-23,58.72370611313088,extreme_shock
BAJAJFINSV_5,BAJAJFINSV,2020-03-12,2020-04-07,17,2020-03-23,58.04873807746682,extreme_shock
MARUTI_8,MARUTI,2020-03-12,2020-04-21,25,2020-03-23,58.0267348197413,extreme_shock
ADANIPORTS_6,ADANIPORTS,2020-03-12,2020-05-22,47,2020-03-23,57.657957211075306,extreme_shock
LT_4,LT,2020-03-12,2020-05-07,36,2020-03-23,56.55158936114118,extreme_shock
SHRIRAMFIN_10,SHRIRAMFIN,2020-03-12,2020-04-24,28,2020-03-23,56.26084255633109,extreme_shock
ICICIBANK_5,ICICIBANK,2020-03-12,2020-03-30,13,2020-03-23,54.55704344073865,extreme_shock
BAJAJ-AUTO_3,BAJAJ-AUTO,2020-03-12,2020-04-23,27,2020-03-23,53.189425397023214,extreme_shock
HINDALCO_18,HINDALCO,2020-03-12,2020-04-17,23,2020-03-23,52.94206803622973,extreme_shock
ITC_6,ITC,2020-03-12,2020-04-24,28,2020-03-12,52.639892533692056,extreme_shock
M&M_5,M&M,2020-03-12,2020-04-16,22,2020-04-07,52.57469733234088,extreme_shock
ADANIENT_38,ADANIENT,2020-03-12,2020-04-03,16,2020-03-12,52.5568684311166,extreme_shock
SUNPHARMA_17,SUNPHARMA,2020-03-12,2020-03-19,6,2020-03-12,52.20236618886496,extreme_shock
TECHM_10,TECHM,2020-03-12,2020-04-27,29,2020-03-23,49.735280473056896,severe_shock
SBIN_10,SBIN,2020-03-12,2020-03-26,11,2020-03-12,49.15107860223195,severe_shock
WIPRO_4,WIPRO,2020-03-12,2020-04-23,27,2020-03-20,48.357585746090024,severe_shock
HDFCBANK_2,HDFCBANK,2020-03-12,2020-04-28,30,2020-03-23,48.009870269626454,severe_shock
ULTRACEMCO_3,ULTRACEMCO,2020-03-12,2020-04-24,28,2020-03-20,47.152485262785824,severe_shock
LTIM_1,LTIM,2020-03-12,2020-04-27,29,2020-03-23,46.86089953802682,severe_shock
DIVISLAB_9,DIVISLAB,2020-03-12,2020-03-26,11,2020-03-12,45.252378232254074,severe_shock
TITAN_6,TITAN,2020-03-12,2020-03-31,14,2020-03-23,45.16088974580852,severe_shock
POWERGRID_2,POWERGRID,2020-03-12,2020-03-31,14,2020-03-18,44.02808414418236,severe_shock
TCS_3,TCS,2020-03-12,2020-03-26,11,2020-03-12,43.645725550377165,severe_shock
INFY_14,INFY,2020-03-12,2020-04-28,30,2020-03-16,42.26894690658338,severe_shock
BAJFINANCE_3,BAJFINANCE,2020-03-18,2020-05-07,32,2020-03-23,58.075244411643666,extreme_shock
SBILIFE_3,SBILIFE,2020-03-18,2020-04-30,28,2020-03-18,51.91812663647018,extreme_shock
APOLLOHOSP_5,APOLLOHOSP,2020-03-18,2020-03-31,10,2020-03-20,46.56050132046529,severe_shock
KOTAKBANK_1,KOTAKBANK,2020-03-18,2020-04-30,28,2020-03-18,46.42486689066707,severe_shock
DRREDDY_10,DRREDDY,2020-03-20,2020-03-27,6,2020-03-20,45.40310175159483,severe_shock
HINDUNILVR_5,HINDUNILVR,2020-03-20,2020-04-28,24,2020-03-20,41.35637879714339,severe_shock
HDFCLIFE_1,HDFCLIFE,2020-03-23,2020-03-30,6,2020-03-23,55.400333315898905,extreme_shock
SUNPHARMA_18,SUNPHARMA,2020-03-23,2020-04-15,14,2020-03-23,54.37099924114577,extreme_shock
EICHERMOT_4,EICHERMOT,2020-03-23,2020-03-26,4,2020-03-23,49.1995040468226,severe_shock
ASIANPAINT_1,ASIANPAINT,2020-03-23,2020-04-16,15,2020-03-23,47.11780521017733,severe_shock
BHARTIARTL_5,BHARTIARTL,2020-03-23,2020-04-28,23,2020-03-23,41.79154949754826,severe_shock
HDFCLIFE_2,HDFCLIFE,2020-04-01,2020-05-04,19,2020-04-07,29.360505028552588,elevated_stress
JSWSTEEL_8,JSWSTEEL,2020-04-07,2020-04-16,6,2020-04-07,43.445501730226496,severe_shock
DRREDDY_11,DRREDDY,2020-04-07,2020-04-13,4,2020-04-07,40.74063405763858,severe_shock
ICICIBANK_6,ICICIBANK,2020-04-07,2020-06-01,36,2020-04-07,40.35329728379009,severe_shock
APOLLOHOSP_6,APOLLOHOSP,2020-04-07,2020-04-28,14,2020-04-21,21.66477256791948,elevated_stress
TITAN_7,TITAN,2020-04-08,2020-04-28,13,2020-04-09,33.31477324260956,high_stress
SBIN_11,SBIN,2020-04-08,2020-07-17,69,2020-06-05,30.582107519180624,high_stress
ADANIENT_39,ADANIENT,2020-04-08,2020-05-07,19,2020-04-21,27.456005454947487,elevated_stress
TCS_4,TCS,2020-04-08,2020-04-28,13,2020-04-23,21.669440797672948,elevated_stress
HCLTECH_4,HCLTECH,2020-04-08,2020-04-24,11,2020-04-15,19.60131903827298,anomaly
DIVISLAB_10,DIVISLAB,2020-04-08,2020-04-16,5,2020-04-09,17.260057928829557,anomaly
NESTLEIND_20,NESTLEIND,2020-04-08,2020-04-27,12,2020-04-15,11.275675731004101,anomaly
EICHERMOT_5,EICHERMOT,2020-04-17,2020-04-22,4,2020-04-17,42.70698521252378,severe_shock
BAJAJFINSV_6,BAJAJFINSV,2020-04-20,2020-04-28,7,2020-04-24,27.573939255613507,elevated_stress
SUNPHARMA_19,SUNPHARMA,2020-04-21,2020-04-27,5,2020-04-24,21.955159848330368,elevated_stress
ASIANPAINT_2,ASIANPAINT,2020-04-22,2020-04-27,4,2020-04-22,15.118779492383904,anomaly
HEROMOTOCO_7,HEROMOTOCO,2020-04-23,2020-06-02,27,2020-04-30,34.16583115013773,high_stress
MARUTI_9,MARUTI,2020-04-23,2020-05-14,15,2020-05-04,29.99744326440857,elevated_stress
ONGC_14,ONGC,2020-04-30,2020-05-06,4,2020-04-30,42.16936643051825,severe_shock
HINDALCO_19,HINDALCO,2020-05-07,2020-05-13,5,2020-05-11,22.823241032791895,elevated_stress
SHRIRAMFIN_11,SHRIRAMFIN,2020-05-08,2020-05-14,5,2020-05-12,28.039806977351372,elevated_stress
BANKBARODA_16,BANKBARODA,2020-05-13,2020-06-16,24,2020-06-01,42.139533795872666,severe_shock
BAJFINANCE_4,BAJFINANCE,2020-05-15,2020-05-20,4,2020-05-18,27.267784769097688,elevated_stress
WIPRO_5,WIPRO,2020-07-15,2020-07-20,4,2020-07-15,44.84986856313972,severe_shock
TATAMOTORS_16,TATAMOTORS,2020-08-03,2020-09-14,31,2020-08-03,42.89144421642091,severe_shock
NTPC_8,NTPC,2020-08-17,2020-09-07,16,2020-08-17,46.81462007067814,severe_shock
ADANIENT_40,ADANIENT,2020-08-25,2020-09-24,23,2020-08-25,41.84959882393467,severe_shock
CANBK_35,CANBK,2020-08-28,2020-09-15,13,2020-08-28,55.03117955720658,extreme_shock
BANKBARODA_17,BANKBARODA,2020-08-28,2020-09-15,13,2020-08-28,43.06074024477523,severe_shock
INDUSINDBK_8,INDUSINDBK,2020-08-28,2020-09-03,5,2020-08-28,41.563003485366856,severe_shock
SHRIRAMFIN_12,SHRIRAMFIN,2020-08-31,2020-09-10,9,2020-08-31,43.78679097209081,severe_shock
SUNPHARMA_20,SUNPHARMA,2020-08-31,2020-09-16,13,2020-08-31,43.31114549698765,severe_shock
BANKBARODA_18,BANKBARODA,2020-09-21,2020-10-26,25,2020-10-19,49.26498134128066,severe_shock
INDUSINDBK_9,INDUSINDBK,2020-09-21,2020-10-07,12,2020-10-01,48.40063715105245,severe_shock
TATAMOTORS_17,TATAMOTORS,2020-09-21,2020-10-01,9,2020-09-21,44.622200832417214,severe_shock
ONGC_15,ONGC,2020-09-21,2020-10-05,10,2020-09-28,42.643891665819545,severe_shock
CANBK_36,CANBK,2020-09-22,2021-02-16,102,2020-12-08,66.26008393237942,extreme_shock
COALINDIA_9,COALINDIA,2020-09-24,2020-10-05,7,2020-09-24,45.516236587604055,severe_shock
SHRIRAMFIN_13,SHRIRAMFIN,2020-09-24,2020-12-10,54,2020-09-24,41.358678764305076,severe_shock
TATAMOTORS_18,TATAMOTORS,2020-10-06,2020-10-12,5,2020-10-06,42.33670145043556,severe_shock
KOTAKBANK_2,KOTAKBANK,2020-10-27,2020-10-30,4,2020-10-27,43.37126994427336,severe_shock
BANKBARODA_19,BANKBARODA,2020-11-02,2020-11-05,4,2020-11-02,46.03586774841887,severe_shock
RELIANCE_6,RELIANCE,2020-11-02,2020-11-09,6,2020-11-02,40.91755871485772,severe_shock
COALINDIA_10,COALINDIA,2020-11-05,2020-11-24,14,2020-11-05,43.08689085352466,severe_shock
LT_5,LT,2020-11-10,2020-11-14,5,2020-11-10,41.24903894315823,severe_shock
TATAMOTORS_19,TATAMOTORS,2020-11-18,2020-11-24,5,2020-11-18,45.4208964103769,severe_shock
M&M_6,M&M,2020-11-18,2020-11-23,4,2020-11-18,42.590736520707075,severe_shock
ONGC_16,ONGC,2020-11-23,2020-12-08,11,2020-11-23,49.058830136210254,severe_shock
BANKBARODA_20,BANKBARODA,2020-12-03,2020-12-11,7,2020-12-03,42.19400871678026,severe_shock
ONGC_17,ONGC,2020-12-21,2020-12-24,4,2020-12-21,51.41763228600191,extreme_shock
TATAMOTORS_20,TATAMOTORS,2020-12-21,2020-12-31,8,2020-12-21,49.735724422494684,severe_shock
COALINDIA_11,COALINDIA,2020-12-21,2020-12-24,4,2020-12-21,47.23853625366922,severe_shock
BANKBARODA_21,BANKBARODA,2020-12-21,2020-12-24,4,2020-12-21,41.800354874509736,severe_shock
ITC_7,ITC,2020-12-21,2020-12-29,6,2020-12-21,41.193286892542744,severe_shock
NTPC_9,NTPC,2020-12-21,2020-12-24,4,2020-12-21,40.48561457790228,severe_shock
TATAMOTORS_21,TATAMOTORS,2021-01-11,2021-01-21,9,2021-01-11,49.18721366275697,severe_shock
BANKBARODA_22,BANKBARODA,2021-01-12,2021-02-09,20,2021-01-28,47.27521189994744,severe_shock
BAJAJ-AUTO_4,BAJAJ-AUTO,2021-01-22,2021-01-28,4,2021-01-22,40.745266043440324,severe_shock
INDUSINDBK_10,INDUSINDBK,2021-02-01,2021-02-09,7,2021-02-01,49.97755952344778,severe_shock
ICICIBANK_7,ICICIBANK,2021-02-01,2021-02-04,4,2021-02-01,40.5500354235724,severe_shock
SHRIRAMFIN_14,SHRIRAMFIN,2021-02-01,2021-02-10,8,2021-02-03,16.930508027256888,anomaly
TATAMOTORS_22,TATAMOTORS,2021-02-02,2021-02-08,5,2021-02-02,43.32469934464504,severe_shock
APOLLOHOSP_7,APOLLOHOSP,2021-02-15,2021-02-24,8,2021-02-15,40.79409499019165,severe_shock
SHRIRAMFIN_15,SHRIRAMFIN,2021-02-15,2021-03-03,13,2021-02-26,22.319074965233497,elevated_stress
BANKBARODA_23,BANKBARODA,2021-02-18,2021-02-24,5,2021-02-18,43.838519804377285,severe_shock
ONGC_18,ONGC,2021-02-18,2021-03-04,11,2021-02-18,41.05870055561248,severe_shock
COALINDIA_12,COALINDIA,2021-02-24,2021-03-02,5,2021-02-25,45.95786859362988,severe_shock
PNB_27,PNB,2021-03-24,2021-07-05,69,2021-04-12,53.26368930241168,extreme_shock
CANBK_37,CANBK,2021-04-05,2021-06-11,47,2021-04-12,52.82014410074751,extreme_shock
BANKBARODA_24,BANKBARODA,2021-04-12,2021-04-23,8,2021-04-12,43.57935626182338,severe_shock
ADANIPORTS_7,ADANIPORTS,2021-04-19,2021-04-23,4,2021-04-19,18.135083795881147,anomaly
ADANIENT_41,ADANIENT,2021-04-19,2021-04-26,5,2021-04-19,11.054800218120466,anomaly
ADANIENT_42,ADANIENT,2021-05-03,2021-05-06,4,2021-05-03,16.41485185110241,anomaly
SUNPHARMA_21,SUNPHARMA,2021-05-05,2021-05-25,14,2021-05-05,40.50734622196891,severe_shock
COALINDIA_13,COALINDIA,2021-05-10,2021-05-25,11,2021-05-10,46.45246890492172,severe_shock
ADANIENT_43,ADANIENT,2021-06-18,2021-06-23,4,2021-06-18,19.940637630792253,anomaly
TATAMOTORS_23,TATAMOTORS,2021-07-06,2021-07-13,6,2021-07-06,40.61178262157503,severe_shock
DRREDDY_12,DRREDDY,2021-07-27,2021-07-30,4,2021-07-27,44.69567891225602,severe_shock
CANBK_38,CANBK,2021-07-28,2021-08-05,7,2021-07-29,42.025354962324826,severe_shock
SUNPHARMA_22,SUNPHARMA,2021-07-30,2021-08-06,6,2021-07-30,50.90831351961723,extreme_shock
APOLLOHOSP_8,APOLLOHOSP,2021-08-17,2021-08-23,4,2021-08-17,40.48882861153565,severe_shock
BANKBARODA_25,BANKBARODA,2021-08-20,2021-09-02,10,2021-08-20,43.051798852504554,severe_shock
COALINDIA_14,COALINDIA,2021-08-30,2021-09-08,8,2021-08-30,41.04506733458181,severe_shock
COALINDIA_15,COALINDIA,2021-09-13,2021-11-18,47,2021-09-29,43.99426669437994,severe_shock
PNB_28,PNB,2021-09-15,2021-12-30,74,2021-09-16,62.070037300209705,extreme_shock
CANBK_39,CANBK,2021-09-15,2021-12-29,73,2021-10-29,51.685876360625315,extreme_shock
NTPC_10,NTPC,2021-09-15,2021-09-20,4,2021-09-15,49.50641659054363,severe_shock
ITC_8,ITC,2021-09-16,2021-09-29,10,2021-09-16,50.286929893572044,extreme_shock
INDUSINDBK_11,INDUSINDBK,2021-09-16,2021-10-01,12,2021-09-16,48.645624823380416,severe_shock
BANKBARODA_26,BANKBARODA,2021-09-16,2021-09-23,6,2021-09-16,40.813294850453374,severe_shock
ONGC_19,ONGC,2021-09-21,2021-09-28,6,2021-09-21,42.29099358907112,severe_shock
MARUTI_10,MARUTI,2021-09-27,2021-10-19,16,2021-09-27,46.444551095713194,severe_shock
ONGC_20,ONGC,2021-10-05,2022-02-17,94,2021-10-05,54.214392471436966,extreme_shock
TATAMOTORS_24,TATAMOTORS,2021-10-07,2021-11-16,27,2021-10-07,52.06293956338819,extreme_shock
TITAN_8,TITAN,2021-10-07,2021-10-22,11,2021-10-07,40.78099179701021,severe_shock
LTIM_2,LTIM,2021-10-19,2021-10-22,4,2021-10-19,41.268106573434245,severe_shock
ICICIBANK_8,ICICIBANK,2021-10-25,2021-11-02,7,2021-10-25,40.80275233416897,severe_shock
INDUSINDBK_12,INDUSINDBK,2021-11-08,2021-12-13,25,2021-11-08,48.417981092294404,severe_shock
COALINDIA_16,COALINDIA,2021-12-06,2021-12-09,4,2021-12-06,42.93298949859074,severe_shock
COALINDIA_17,COALINDIA,2022-01-03,2022-01-06,4,2022-01-03,44.06384502121168,severe_shock
HEROMOTOCO_8,HEROMOTOCO,2022-01-17,2022-01-20,4,2022-01-17,40.02897003648122,severe_shock
PNB_29,PNB,2022-01-25,2022-02-22,20,2022-02-14,51.26670811940035,extreme_shock
CANBK_40,CANBK,2022-01-25,2022-02-07,9,2022-01-27,46.094060408568616,severe_shock
CANBK_41,CANBK,2022-02-14,2022-02-18,5,2022-02-14,41.09877030649368,severe_shock
PNB_30,PNB,2022-02-24,2022-03-21,16,2022-02-24,67.67416468816681,extreme_shock
CANBK_42,CANBK,2022-02-24,2022-03-03,5,2022-02-24,47.02860167227156,severe_shock
INDUSINDBK_13,INDUSINDBK,2022-02-24,2022-03-25,20,2022-02-24,44.51842096838261,severe_shock
HEROMOTOCO_9,HEROMOTOCO,2022-02-24,2022-03-14,12,2022-02-24,40.870433396697045,severe_shock
TATAMOTORS_25,TATAMOTORS,2022-02-24,2022-03-14,12,2022-02-24,40.372832987906776,severe_shock
COALINDIA_18,COALINDIA,2022-02-25,2022-03-25,19,2022-02-25,48.09932201365372,severe_shock
ONGC_21,ONGC,2022-03-07,2022-03-22,11,2022-03-07,51.45690259987221,extreme_shock
CANBK_43,CANBK,2022-05-09,2022-06-07,22,2022-05-09,46.66464942270257,severe_shock
PNB_31,PNB,2022-05-12,2022-06-08,20,2022-05-12,60.6416599911353,extreme_shock
JSWSTEEL_9,JSWSTEEL,2022-05-23,2022-05-31,7,2022-05-23,42.10768829922958,severe_shock
TATASTEEL_10,TATASTEEL,2022-05-23,2022-05-31,7,2022-05-23,41.08242394340982,severe_shock
DIVISLAB_11,DIVISLAB,2022-05-23,2022-05-30,6,2022-05-23,40.81784668645696,severe_shock
PNB_32,PNB,2022-06-21,2022-12-06,115,2022-09-23,50.36176785644597,extreme_shock
ONGC_22,ONGC,2022-07-01,2022-07-11,7,2022-07-01,51.35349560176304,extreme_shock
CANBK_44,CANBK,2022-07-07,2022-07-26,14,2022-07-07,46.8673150654042,severe_shock
INDUSINDBK_14,INDUSINDBK,2022-07-21,2022-08-11,15,2022-07-21,41.532220166694664,severe_shock
POWERGRID_3,POWERGRID,2022-09-23,2022-09-28,4,2022-09-23,42.67775000771391,severe_shock
CANBK_45,CANBK,2022-09-23,2022-10-07,10,2022-09-23,42.32119876201771,severe_shock
WIPRO_6,WIPRO,2022-10-13,2022-10-21,7,2022-10-13,49.62876968617548,severe_shock
DIVISLAB_12,DIVISLAB,2022-11-07,2022-11-14,5,2022-11-07,46.24307265853961,severe_shock
COALINDIA_19,COALINDIA,2022-11-15,2022-11-23,7,2022-11-15,43.05553154195951,severe_shock
ONGC_23,ONGC,2022-11-21,2022-11-25,5,2022-11-21,40.969565114269344,severe_shock
HCLTECH_5,HCLTECH,2022-12-09,2022-12-14,4,2022-12-09,42.63790326287569,severe_shock
PNB_33,PNB,2022-12-23,2022-12-29,5,2022-12-23,47.333248072180744,severe_shock
CANBK_46,CANBK,2022-12-23,2022-12-29,5,2022-12-23,44.406501754771575,severe_shock
BAJFINANCE_5,BAJFINANCE,2023-01-05,2023-01-10,4,2023-01-05,46.75891528074331,severe_shock
ADANIENT_44,ADANIENT,2023-01-27,2023-02-14,13,2023-02-01,56.900599475325464,extreme_shock
ADANIPORTS_8,ADANIPORTS,2023-01-27,2023-03-09,29,2023-02-01,56.36160723125081,extreme_shock
PNB_34,PNB,2023-01-27,2023-02-06,7,2023-02-01,42.35443710104525,severe_shock
HDFCLIFE_3,HDFCLIFE,2023-02-01,2023-02-13,9,2023-02-01,50.397839875596304,extreme_shock
SBILIFE_4,SBILIFE,2023-02-01,2023-02-06,4,2023-02-01,45.70075267779259,severe_shock
CANBK_47,CANBK,2023-02-01,2023-02-08,6,2023-02-01,42.287965231685085,severe_shock
DIVISLAB_13,DIVISLAB,2023-02-03,2023-02-13,7,2023-02-03,54.77170436948791,extreme_shock
TITAN_9,TITAN,2023-02-03,2023-02-08,4,2023-02-03,42.344972465163764,severe_shock
TECHM_11,TECHM,2023-02-15,2023-02-21,5,2023-02-15,42.12323910019266,severe_shock
ONGC_24,ONGC,2023-02-16,2023-02-23,6,2023-02-16,47.06277360832749,severe_shock
ADANIENT_45,ADANIENT,2023-02-28,2023-03-09,7,2023-02-28,40.72364040479649,severe_shock
INDUSINDBK_15,INDUSINDBK,2023-03-13,2023-03-24,10,2023-03-13,42.60862213964855,severe_shock
TECHM_12,TECHM,2023-03-13,2023-03-17,5,2023-03-13,41.31145410424947,severe_shock
ADANIENT_46,ADANIENT,2023-03-13,2023-03-16,4,2023-03-14,25.92607405945798,elevated_stress
ADANIENT_47,ADANIENT,2023-03-22,2023-03-31,7,2023-03-29,28.77610768380051,elevated_stress
DIVISLAB_14,DIVISLAB,2023-04-12,2023-04-25,9,2023-04-12,46.30601973740054,severe_shock
INFY_15,INFY,2023-04-17,2023-04-20,4,2023-04-17,51.27354581793302,extreme_shock
LTIM_3,LTIM,2023-04-17,2023-04-24,6,2023-04-17,42.922403583954264,severe_shock
PNB_35,PNB,2023-05-09,2023-05-15,5,2023-05-09,42.054010670703576,severe_shock
DRREDDY_13,DRREDDY,2023-05-11,2023-05-16,4,2023-05-11,46.161850028749576,severe_shock
ADANIENT_48,ADANIENT,2023-05-22,2023-07-04,31,2023-05-22,41.38973467427802,severe_shock
COALINDIA_20,COALINDIA,2023-06-01,2023-06-13,9,2023-06-01,45.66629676770432,severe_shock
PNB_36,PNB,2023-06-22,2023-08-22,42,2023-07-04,50.64606454948999,extreme_shock
CANBK_48,CANBK,2023-07-03,2023-07-27,19,2023-07-03,46.358150844435094,severe_shock
BAJAJFINSV_7,BAJAJFINSV,2023-07-04,2023-07-07,4,2023-07-04,40.52809261955285,severe_shock
INFY_16,INFY,2023-07-21,2023-07-26,4,2023-07-21,49.56156845746117,severe_shock
CIPLA_6,CIPLA,2023-07-27,2023-08-01,4,2023-07-27,40.71916567059191,severe_shock
COALINDIA_21,COALINDIA,2023-08-01,2023-08-14,10,2023-08-01,47.561640073234436,severe_shock
ONGC_25,ONGC,2023-09-01,2023-09-06,4,2023-09-01,40.78768296381525,severe_shock
COALINDIA_22,COALINDIA,2023-09-04,2023-09-18,11,2023-09-07,46.318396907227054,severe_shock
CANBK_49,CANBK,2023-09-11,2023-10-09,19,2023-09-11,43.733208485853204,severe_shock
PNB_37,PNB,2023-09-13,2023-10-12,20,2023-09-13,50.131746715989834,extreme_shock
LTIM_4,LTIM,2023-10-19,2023-10-27,6,2023-10-19,44.118619715259875,severe_shock
DIVISLAB_15,DIVISLAB,2023-11-06,2023-11-09,4,2023-11-06,41.29597834330273,severe_shock
CIPLA_7,CIPLA,2023-11-23,2023-11-29,4,2023-11-23,42.99501067343121,severe_shock
ADANIENT_49,ADANIENT,2023-11-28,2023-12-08,9,2023-12-05,50.06210460816271,extreme_shock
ADANIPORTS_9,ADANIPORTS,2023-12-05,2023-12-08,4,2023-12-05,41.1554700571723,severe_shock
PNB_38,PNB,2023-12-20,2024-01-02,9,2023-12-20,40.922376931510065,severe_shock
WIPRO_7,WIPRO,2023-12-22,2023-12-28,4,2023-12-22,44.00401644879178,severe_shock
INFY_17,INFY,2024-01-12,2024-01-17,4,2024-01-12,41.312574764542894,severe_shock
HDFCBANK_3,HDFCBANK,2024-01-17,2024-01-29,7,2024-01-17,43.946918033385444,severe_shock
LTIM_5,LTIM,2024-01-18,2024-01-24,4,2024-01-18,48.64995771198644,severe_shock
INDUSINDBK_16,INDUSINDBK,2024-01-23,2024-01-30,5,2024-01-23,47.37299209718119,severe_shock
HINDUNILVR_6,HINDUNILVR,2024-01-23,2024-01-30,5,2024-01-23,45.221204104474374,severe_shock
RELIANCE_7,RELIANCE,2024-01-29,2024-02-01,4,2024-01-29,40.60628354560719,severe_shock
HINDALCO_20,HINDALCO,2024-02-13,2024-02-16,4,2024-02-13,46.753767904630465,severe_shock
KOTAKBANK_3,KOTAKBANK,2024-04-25,2024-05-09,10,2024-04-25,48.53443779474149,severe_shock
TECHM_13,TECHM,2024-04-26,2024-05-02,4,2024-04-26,48.34869328829444,severe_shock
TITAN_10,TITAN,2024-05-06,2024-05-09,4,2024-05-06,40.39421141165318,severe_shock
HINDUNILVR_7,HINDUNILVR,2024-05-07,2024-05-10,4,2024-05-07,44.68731748058728,severe_shock
BANKBARODA_27,BANKBARODA,2024-06-03,2024-06-18,11,2024-06-04,46.381426060803015,severe_shock
PNB_39,PNB,2024-06-04,2024-06-12,7,2024-06-04,58.749584002094736,extreme_shock
ADANIENT_50,ADANIENT,2024-06-04,2024-07-02,20,2024-06-04,50.499342039185514,extreme_shock
CANBK_50,CANBK,2024-06-04,2024-06-10,5,2024-06-04,49.40943857482224,severe_shock
ONGC_26,ONGC,2024-06-04,2024-06-14,9,2024-06-04,48.5116409945331,severe_shock
ADANIPORTS_10,ADANIPORTS,2024-06-04,2024-07-05,23,2024-06-04,48.08781538413213,severe_shock
INDUSINDBK_17,INDUSINDBK,2024-06-04,2024-06-10,5,2024-06-04,47.38439842411635,severe_shock
NTPC_11,NTPC,2024-06-04,2024-06-07,4,2024-06-04,45.94166216558273,severe_shock
SBIN_12,SBIN,2024-06-04,2024-06-07,4,2024-06-04,45.5248834348981,severe_shock
COALINDIA_23,COALINDIA,2024-06-04,2024-06-07,4,2024-06-04,45.16969957514225,severe_shock
LT_6,LT,2024-06-04,2024-06-07,4,2024-06-04,44.926544219457554,severe_shock
ICICIBANK_9,ICICIBANK,2024-06-04,2024-06-07,4,2024-06-04,42.63402926579582,severe_shock
POWERGRID_4,POWERGRID,2024-06-04,2024-06-07,4,2024-06-04,40.941760593364144,severe_shock
BANKBARODA_28,BANKBARODA,2024-06-21,2024-06-26,4,2024-06-21,9.046344109203302,anomaly
WIPRO_8,WIPRO,2024-07-22,2024-07-31,8,2024-07-22,47.231153607831295,severe_shock
BAJAJ-AUTO_5,BAJAJ-AUTO,2024-10-17,2024-10-24,6,2024-10-17,47.02672556208714,severe_shock
PNB_40,PNB,2024-10-22,2024-11-28,26,2024-10-22,47.70967523125509,severe_shock
HINDUNILVR_8,HINDUNILVR,2024-10-24,2024-10-29,4,2024-10-24,40.6049498698776,severe_shock
INDUSINDBK_18,INDUSINDBK,2024-10-25,2024-11-27,22,2024-10-25,55.82054652878546,extreme_shock
CIPLA_8,CIPLA,2024-10-31,2024-11-05,4,2024-10-31,43.123185414592626,severe_shock
ASIANPAINT_3,ASIANPAINT,2024-11-11,2024-11-18,5,2024-11-11,49.244821275541284,severe_shock
ADANIENT_51,ADANIENT,2024-11-21,2024-12-23,23,2024-11-21,55.93644102653862,extreme_shock
ADANIPORTS_11,ADANIPORTS,2024-11-21,2024-12-06,12,2024-11-21,50.02395772703105,extreme_shock
BAJAJFINSV_8,BAJAJFINSV,2025-01-02,2025-01-07,4,2025-01-02,44.457431935736224,severe_shock
HCLTECH_6,HCLTECH,2025-01-14,2025-01-17,4,2025-01-14,43.12930915035508,severe_shock
HDFCLIFE_4,HDFCLIFE,2025-01-16,2025-01-21,4,2025-01-16,44.89302248340028,severe_shock
KOTAKBANK_4,KOTAKBANK,2025-01-20,2025-01-23,4,2025-01-20,44.70993794595335,severe_shock
TATAMOTORS_26,TATAMOTORS,2025-01-30,2025-02-07,8,2025-01-30,41.959530382444534,severe_shock
INDUSINDBK_19,INDUSINDBK,2025-02-28,2025-03-18,12,2025-03-11,62.12972650252535,extreme_shock
PNB_41,PNB,2025-02-28,2025-03-13,10,2025-02-28,40.150570143759225,severe_shock
TATASTEEL_11,TATASTEEL,2025-04-04,2025-04-17,8,2025-04-04,40.537377885942874,severe_shock
JSWSTEEL_10,JSWSTEEL,2025-04-07,2025-04-17,7,2025-04-07,41.0997566755184,severe_shock
BANKBARODA_29,BANKBARODA,2025-05-06,2025-05-13,6,2025-05-06,44.62630607260225,severe_shock
PNB_42,PNB,2025-05-06,2025-05-15,8,2025-05-06,40.6210523461901,severe_shock
TITAN_11,TITAN,2025-07-08,2025-07-11,4,2025-07-08,40.29176586774282,severe_shock
KOTAKBANK_5,KOTAKBANK,2025-07-28,2025-07-31,4,2025-07-28,44.60583061081104,severe_shock
ADANIENT_52,ADANIENT,2025-08-11,2025-09-04,17,2025-08-11,40.35494905114342,severe_shock
APOLLOHOSP_9,APOLLOHOSP,2025-08-13,2025-08-19,4,2025-08-13,40.071944866865934,severe_shock
MARUTI_11,MARUTI,2025-08-18,2025-08-21,4,2025-08-18,40.644857186789444,severe_shock
TATAMOTORS_27,TATAMOTORS,2025-10-14,2025-10-17,4,2025-10-14,62.517265957167155,extreme_shock
GRASIM_8,GRASIM,2025-11-06,2025-11-11,4,2025-11-06,40.965205629126416,severe_shock
INDUSINDBK_20,INDUSINDBK,2025-11-12,2025-11-18,5,2025-11-12,40.748276205909676,severe_shock
PNB_43,PNB,2025-12-03,2026-02-25,59,2025-12-03,42.38251782699224,severe_shock
HINDUNILVR_9,HINDUNILVR,2025-12-05,2025-12-10,4,2025-12-05,42.86555953342269,severe_shock
ITC_9,ITC,2026-01-01,2026-01-07,5,2026-01-01,48.98722134618087,severe_shock
COALINDIA_24,COALINDIA,2026-01-02,2026-01-07,4,2026-01-02,46.76350083596586,severe_shock
NTPC_12,NTPC,2026-01-02,2026-01-07,4,2026-01-02,42.02131806947509,severe_shock
WIPRO_9,WIPRO,2026-01-19,2026-01-23,5,2026-01-19,50.259553882567765,extreme_shock
LTIM_6,LTIM,2026-01-20,2026-01-23,4,2026-01-20,41.37680206730653,severe_shock
INDUSINDBK_21,INDUSINDBK,2026-01-20,2026-02-12,17,2026-01-20,41.137584035465466,severe_shock
ADANIENT_53,ADANIENT,2026-01-23,2026-02-06,10,2026-01-23,55.5906796624827,extreme_shock
ADANIPORTS_12,ADANIPORTS,2026-01-23,2026-01-30,5,2026-01-23,45.922871777801355,severe_shock
ONGC_27,ONGC,2026-01-28,2026-02-09,9,2026-01-28,47.13851075194269,severe_shock
TATAMOTORS_28,TATAMOTORS,2026-01-29,2026-02-12,11,2026-02-02,42.49182752168116,severe_shock
POWERGRID_5,POWERGRID,2026-02-02,2026-02-06,5,2026-02-02,44.659186287519034,severe_shock
TCS_5,TCS,2026-02-04,2026-02-18,11,2026-02-04,50.192447420461114,extreme_shock
INFY_18,INFY,2026-02-04,2026-02-09,4,2026-02-04,43.01147367514172,severe_shock
HCLTECH_7,HCLTECH,2026-02-24,2026-03-02,5,2026-02-24,40.88621438203038,severe_shock
TATAMOTORS_29,TATAMOTORS,2026-03-04,2026-04-20,30,2026-04-08,50.4455074913712,extreme_shock
INDUSINDBK_22,INDUSINDBK,2026-03-12,2026-03-17,4,2026-03-12,42.413140414094656,severe_shock
PNB_44,PNB,2026-03-23,2026-04-13,13,2026-04-08,40.74493403763613,severe_shock
INDUSINDBK_23,INDUSINDBK,2026-04-08,2026-04-13,4,2026-04-08,42.00023944241125,severe_shock
HCLTECH_8,HCLTECH,2026-04-22,2026-04-30,7,2026-04-22,49.10775301504622,severe_shock
CIPLA_9,CIPLA,2026-05-14,2026-05-19,4,2026-05-14,40.729011646571905,severe_shock
TCS_6,TCS,2026-06-02,2026-07-07,26,2026-06-03,47.50561587083731,severe_shock
WIPRO_10,WIPRO,2026-06-08,2026-06-17,8,2026-06-08,49.77779147085588,severe_shock
TATAMOTORS_30,TATAMOTORS,2026-06-17,2026-06-22,4,2026-06-17,48.22560029189306,severe_shock
PNB_45,PNB,2026-07-20,2026-08-21,25,2026-07-20,46.43625453648371,severe_shock
INDUSINDBK_24,INDUSINDBK,2026-07-23,2026-08-06,11,2026-07-23,41.66677059862776,severe_shock
HINDUNILVR_10,HINDUNILVR,2026-07-28,2026-08-03,5,2026-07-28,46.453833383977674,severe_shock
